{
  "accuracy": 0.55,
  "macro_f1": 0.5398412698412699,
  "brier": 0.15306003398263768,
  "n": 20
}