{
  "accuracy": 0.5354166666666667,
  "macro_f1": 0.5238711816351593,
  "brier": 0.16145152669510257,
  "n": 480
}