{
  "accuracy": 0.8,
  "macro_f1": 0.17777777777777778,
  "brier": 0.017626465181045995,
  "n": 20
}