{
  "accuracy": 0.566,
  "macro_f1": 0.2977481830966684,
  "brier": 0.026686424114730968,
  "n": 500
}